<?xml version="1.0" encoding="UTF-8" standalone="yes"?>
<OfficeApp xmlns="http://schemas.microsoft.com/office/appforoffice/1.1"
  xmlns:xsi="http://www.w3.org/2001/XMLSchema-instance"
  xmlns:bt="http://schemas.microsoft.com/office/officeappbasictypes/1.0"
  xmlns:ov="http://schemas.microsoft.com/office/taskpaneappversionoverrides" xsi:type="TaskPaneApp">
  <Id>05c2e1c9-3e1d-406e-9a91-e9ac64854143</Id>
  <Version>1.0.0.0</Version>
  <ProviderName>Contoso</ProviderName>
  <DefaultLocale>en-US</DefaultLocale>
  <DisplayName DefaultValue="BTAP"/>
  <Description DefaultValue="Blood Transfusion Automated Pairing"/>
  <IconUrl DefaultValue="file:///C:/path/to/file/BTAP/BTAPPackage/BTAPWeb/assets/icon-32.png"/>
  <HighResolutionIconUrl DefaultValue="file:///C:/path/to/file/BTAP/BTAPPackage/BTAPWeb/assets/icon-64.png"/>
  <SupportUrl DefaultValue="https://www.contoso.com/help"/>
  <AppDomains>
    <AppDomain>https://www.contoso.com</AppDomain>
  </AppDomains>
  <Hosts>
    <Host Name="Workbook"/>
  </Hosts>
  <DefaultSettings>
    <SourceLocation DefaultValue="file:///C:/path/to/file/BTAP/BTAPPackage/BTAPWeb/taskpane.html"/>
  </DefaultSettings>
  <Permissions>ReadWriteDocument</Permissions>
  <VersionOverrides xmlns="http://schemas.microsoft.com/office/taskpaneappversionoverrides" xsi:type="VersionOverridesV1_0">
    <Hosts>
      <Host xsi:type="Workbook">
        <DesktopFormFactor>
          <GetStarted>
            <Title resid="GetStarted.Title"/>
            <Description resid="GetStarted.Description"/>
            <LearnMoreUrl resid="GetStarted.LearnMoreUrl"/>
          </GetStarted>
          <FunctionFile resid="Commands.Url" />
          <ExtensionPoint xsi:type="PrimaryCommandSurface">
            <OfficeTab id="TabHome">
              <Group id="CommandsGroup">
                <Label resid="CommandsGroup.Label" />
                <Icon>
                  <bt:Image size="16" resid="Icon.16x16" />
                  <bt:Image size="32" resid="Icon.32x32" />
                  <bt:Image size="80" resid="Icon.80x80" />
                </Icon>
                <Control xsi:type="Button" id="TaskpaneButton">
                  <Label resid="TaskpaneButton.Label" />
                  <Supertip>
                    <Title resid="TaskpaneButton.Label" />
                    <Description resid="TaskpaneButton.Tooltip" />
                  </Supertip>
                  <Icon>
                    <bt:Image size="16" resid="Icon.16x16" />
                    <bt:Image size="32" resid="Icon.32x32" />
                    <bt:Image size="80" resid="Icon.80x80" />
                  </Icon>
                  <Action xsi:type="ShowTaskpane">
                    <TaskpaneId>ButtonId1</TaskpaneId>
                    <SourceLocation resid="Taskpane.Url" />
                  </Action>
                </Control>
              </Group>
            </OfficeTab>
          </ExtensionPoint>
        </DesktopFormFactor>
      </Host>
    </Hosts>
    <Resources>
      <bt:Images>
        <bt:Image id="Icon.16x16" DefaultValue="file:///C:/path/to/file/BTAP/BTAPPackage/BTAPWeb/assets/btap-16.png"/>
        <bt:Image id="Icon.32x32" DefaultValue="file:///C:/path/to/file/BTAP/BTAPPackage/BTAPWeb/assets/btap-32.png"/>
        <bt:Image id="Icon.80x80" DefaultValue="file:///C:/path/to/file/BTAP/BTAPPackage/BTAPWeb/assets/btap-80.png"/>
      </bt:Images>
        <bt:Urls>
        <bt:Url id="GetStarted.LearnMoreUrl" DefaultValue="https://go.microsoft.com/fwlink/?LinkId=276812" />
        <bt:Url id="Commands.Url" DefaultValue="file:///C:/path/to/file/BTAP/BTAPPackage/BTAPWeb/commands.html" />
        <bt:Url id="Taskpane.Url" DefaultValue="file:///C:/path/to/file/BTAP/BTAPPackage/BTAPWeb/taskpane.html" />
      </bt:Urls>
      <bt:ShortStrings>
        <bt:String id="GetStarted.Title" DefaultValue="Get started with your add-in!" />
        <bt:String id="CommandsGroup.Label" DefaultValue="Commands Group" />
        <bt:String id="TaskpaneButton.Label" DefaultValue="BTAP" />
      </bt:ShortStrings>
      <bt:LongStrings>
        <bt:String id="GetStarted.Description" DefaultValue="Your add-in loaded succesfully. Go to the HOME tab and click the 'BTAP' button to get started." />
        <bt:String id="TaskpaneButton.Tooltip" DefaultValue="Click to Show a Taskpane" />
      </bt:LongStrings>
    </Resources>
  </VersionOverrides>
</OfficeApp>